id,contrast,label,nonzero_features
sweep_GIH_chr1_00126,sweeps,sweep,5208
sweep_YRI_chr2_00161,sweeps,sweep,4077
sweep_CHB_chr1_00027,sweeps,sweep,5233
sweep_CEU_chr2_00103,sweeps,sweep,4734
sweep_GIH_chr1_00079,sweeps,sweep,4397
sweep_CHB_chr2_00040,sweeps,sweep,5219
sweep_YRI_chr1_00143,sweeps,sweep,3801
sweep_YRI_chr2_00076,sweeps,sweep,5322
sweep_CHB_chr1_00023,sweeps,sweep,4647
sweep_CEU_chr2_00047,sweeps,sweep,5089
sweep_YRI_chr1_00065,sweeps,sweep,4991
sweep_CHB_chr2_00006,sweeps,sweep,4705
sweep_CHB_chr1_00006,sweeps,sweep,4803
sweep_GIH_chr2_00134,sweeps,sweep,5006
sweep_PEL_chr1_00084,sweeps,sweep,5133
sweep_PEL_chr2_00050,sweeps,sweep,4526
sweep_GIH_chr1_00137,sweeps,sweep,4799
sweep_CEU_chr2_00122,sweeps,sweep,5251
sweep_CHB_chr1_00123,sweeps,sweep,4799
sweep_PEL_chr2_00085,sweeps,sweep,5001
sweep_GIH_chr1_00036,sweeps,sweep,5073
sweep_CEU_chr2_00044,sweeps,sweep,5436
sweep_YRI_chr1_00158,sweeps,sweep,5317
sweep_YRI_chr2_00132,sweeps,sweep,4798
sweep_CHB_chr1_00021,sweeps,sweep,5069
sweep_YRI_chr2_00070,sweeps,sweep,4713
sweep_YRI_chr1_00147,sweeps,sweep,5087
sweep_CHB_chr2_00075,sweeps,sweep,4317
sweep_CEU_chr1_00027,sweeps,sweep,4618
sweep_YRI_chr2_00215,sweeps,sweep,3868
sweep_CHB_chr1_00118,sweeps,sweep,4810
sweep_YRI_chr2_00023,sweeps,sweep,4683
sweep_PEL_chr1_00031,sweeps,sweep,5476
sweep_GIH_chr2_00140,sweeps,sweep,5520
sweep_YRI_chr1_00122,sweeps,sweep,4753
sweep_CEU_chr2_00067,sweeps,sweep,4106
sweep_YRI_chr1_00145,sweeps,sweep,4361
sweep_CHB_chr2_00088,sweeps,sweep,4810
sweep_PEL_chr1_00032,sweeps,sweep,5180
sweep_YRI_chr2_00188,sweeps,sweep,4504
sweep_CHB_chr1_00087,sweeps,sweep,5384
sweep_CHB_chr2_00035,sweeps,sweep,3187
sweep_PEL_chr1_00077,sweeps,sweep,3560
sweep_PEL_chr2_00034,sweeps,sweep,5423
sweep_PEL_chr1_00095,sweeps,sweep,5086
sweep_CHB_chr2_00013,sweeps,sweep,3836
sweep_CHB_chr1_00049,sweeps,sweep,5397
sweep_YRI_chr2_00131,sweeps,sweep,3425
sweep_PEL_chr1_00019,sweeps,sweep,5241
sweep_CHB_chr2_00107,sweeps,sweep,5617
sweep_CEU_chr1_00124,sweeps,sweep,5329
sweep_CHB_chr2_00128,sweeps,sweep,4911
sweep_YRI_chr1_00148,sweeps,sweep,4992
sweep_GIH_chr2_00144,sweeps,sweep,4413
sweep_PEL_chr1_00068,sweeps,sweep,5418
sweep_CEU_chr2_00037,sweeps,sweep,5167
sweep_CEU_chr1_00128,sweeps,sweep,4516
sweep_CEU_chr2_00051,sweeps,sweep,5123
sweep_YRI_chr1_00169,sweeps,sweep,4487
sweep_GIH_chr2_00067,sweeps,sweep,5297
sweep_GIH_chr1_00093,sweeps,sweep,4588
sweep_YRI_chr2_00250,sweeps,sweep,5239
sweep_YRI_chr1_00190,sweeps,sweep,4806
sweep_YRI_chr2_00002,sweeps,sweep,4800
sweep_CEU_chr1_00158,sweeps,sweep,5053
sweep_CHB_chr2_00079,sweeps,sweep,5221
sweep_YRI_chr1_00070,sweeps,sweep,5078
sweep_YRI_chr2_00035,sweeps,sweep,5266
sweep_GIH_chr1_00059,sweeps,sweep,5153
sweep_YRI_chr2_00260,sweeps,sweep,5339
sweep_PEL_chr1_00009,sweeps,sweep,5424
sweep_PEL_chr2_00092,sweeps,sweep,4874
sweep_GIH_chr1_00140,sweeps,sweep,5254
sweep_YRI_chr2_00217,sweeps,sweep,4380
sweep_PEL_chr1_00042,sweeps,sweep,5361
sweep_YRI_chr2_00064,sweeps,sweep,5254
sweep_YRI_chr1_00201,sweeps,sweep,5566
sweep_YRI_chr2_00075,sweeps,sweep,4256
sweep_GIH_chr1_00005,sweeps,sweep,5684
sweep_CEU_chr2_00112,sweeps,sweep,4930
sweep_CEU_chr1_00111,sweeps,sweep,5103
sweep_CEU_chr2_00119,sweeps,sweep,5183
sweep_GIH_chr1_00097,sweeps,sweep,5166
sweep_YRI_chr2_00085,sweeps,sweep,4644
sweep_GIH_chr1_00083,sweeps,sweep,4780
sweep_CEU_chr2_00023,sweeps,sweep,4870
sweep_PEL_chr1_00051,sweeps,sweep,5073
sweep_YRI_chr2_00093,sweeps,sweep,4662
sweep_GIH_chr1_00047,sweeps,sweep,5213
sweep_GIH_chr2_00078,sweeps,sweep,5099
sweep_CHB_chr1_00095,sweeps,sweep,4499
sweep_GIH_chr2_00115,sweeps,sweep,4926
sweep_CEU_chr1_00110,sweeps,sweep,4310
sweep_YRI_chr2_00127,sweeps,sweep,3954
sweep_CHB_chr1_00121,sweeps,sweep,5254
sweep_YRI_chr2_00155,sweeps,sweep,4475
sweep_CEU_chr1_00002,sweeps,sweep,5175
sweep_CEU_chr2_00033,sweeps,sweep,4699
sweep_PEL_chr1_00007,sweeps,sweep,5445
sweep_CHB_chr2_00064,sweeps,sweep,3488
sweep_GIH_chr3_00044,sweeps,sweep,5046
sweep_CHB_chr4_00087,sweeps,sweep,3887
sweep_YRI_chr5_00065,sweeps,sweep,4969
sweep_YRI_chr6_00033,sweeps,sweep,4514
sweep_PEL_chr7_00015,sweeps,sweep,4105
sweep_GIH_chr8_00029,sweeps,sweep,4800
sweep_GIH_chr9_00008,sweeps,sweep,3819
sweep_YRI_chr10_00088,sweeps,sweep,5222
sweep_PEL_chr11_00038,sweeps,sweep,2792
sweep_GIH_chr12_00064,sweeps,sweep,5023
sweep_YRI_chr13_00038,sweeps,sweep,5026
sweep_CHB_chr14_00025,sweeps,sweep,5688
sweep_YRI_chr15_00094,sweeps,sweep,4955
sweep_PEL_chr16_00018,sweeps,sweep,5584
sweep_CEU_chr17_00005,sweeps,sweep,5484
sweep_CHB_chr18_00007,sweeps,sweep,4639
sweep_YRI_chr19_00049,sweeps,sweep,5042
sweep_CEU_chr20_00012,sweeps,sweep,4594
sweep_GIH_chr21_00008,sweeps,sweep,5068
sweep_GIH_chr22_00001,sweeps,sweep,2025
sweep_CEU_chr3_00060,sweeps,sweep,4726
sweep_GIH_chr4_00077,sweeps,sweep,4879
sweep_GIH_chr5_00046,sweeps,sweep,4900
sweep_GIH_chr6_00056,sweeps,sweep,3456
sweep_CEU_chr7_00013,sweeps,sweep,4971
sweep_CEU_chr8_00044,sweeps,sweep,4723
sweep_YRI_chr9_00034,sweeps,sweep,5223
sweep_CEU_chr10_00014,sweeps,sweep,4244
sweep_YRI_chr11_00128,sweeps,sweep,4520
sweep_YRI_chr12_00029,sweeps,sweep,5135
sweep_YRI_chr13_00080,sweeps,sweep,4318
sweep_GIH_chr14_00051,sweeps,sweep,4583
sweep_CHB_chr15_00021,sweeps,sweep,5638
sweep_YRI_chr16_00090,sweeps,sweep,5235
sweep_YRI_chr17_00054,sweeps,sweep,5504
sweep_YRI_chr18_00067,sweeps,sweep,4770
sweep_GIH_chr19_00036,sweeps,sweep,5377
sweep_CHB_chr20_00023,sweeps,sweep,5265
sweep_PEL_chr21_00014,sweeps,sweep,4769
sweep_CHB_chr22_00019,sweeps,sweep,4477
sweep_YRI_chr3_00013,sweeps,sweep,5262
sweep_YRI_chr4_00068,sweeps,sweep,5147
sweep_CHB_chr5_00047,sweeps,sweep,5452
sweep_YRI_chr6_00077,sweeps,sweep,4440
sweep_GIH_chr7_00066,sweeps,sweep,5446
sweep_CEU_chr8_00024,sweeps,sweep,2751
sweep_CEU_chr9_00023,sweeps,sweep,3748
sweep_YRI_chr10_00053,sweeps,sweep,3821
sweep_YRI_chr11_00091,sweeps,sweep,4005
sweep_YRI_chr12_00097,sweeps,sweep,3899
sweep_YRI_chr13_00082,sweeps,sweep,4982
sweep_PEL_chr14_00014,sweeps,sweep,5030
sweep_CEU_chr15_00021,sweeps,sweep,5348
sweep_CHB_chr16_00039,sweeps,sweep,5253
sweep_CHB_chr17_00047,sweeps,sweep,5279
sweep_CEU_chr18_00021,sweeps,sweep,4781
sweep_PEL_chr19_00014,sweeps,sweep,3807
sweep_CHB_chr20_00009,sweeps,sweep,1886
sweep_YRI_chr21_00021,sweeps,sweep,5127
sweep_PEL_chr22_00009,sweeps,sweep,5549
sweep_PEL_chr3_00046,sweeps,sweep,5443
sweep_YRI_chr4_00067,sweeps,sweep,5091
sweep_CHB_chr5_00048,sweeps,sweep,4771
sweep_CHB_chr6_00049,sweeps,sweep,5611
sweep_YRI_chr7_00167,sweeps,sweep,5718
sweep_CHB_chr8_00029,sweeps,sweep,3876
sweep_GIH_chr9_00043,sweeps,sweep,4167
sweep_CEU_chr10_00075,sweeps,sweep,5456
sweep_YRI_chr11_00013,sweeps,sweep,5333
sweep_GIH_chr12_00071,sweeps,sweep,5634
sweep_CEU_chr13_00051,sweeps,sweep,3919
sweep_YRI_chr14_00027,sweeps,sweep,3413
sweep_YRI_chr15_00101,sweeps,sweep,5398
sweep_CEU_chr16_00052,sweeps,sweep,5155
sweep_CEU_chr17_00028,sweeps,sweep,5306
sweep_YRI_chr18_00044,sweeps,sweep,4401
sweep_YRI_chr19_00086,sweeps,sweep,5620
sweep_CEU_chr20_00001,sweeps,sweep,5305
sweep_YRI_chr21_00006,sweeps,sweep,4023
sweep_CHB_chr22_00005,sweeps,sweep,5290
sweep_CEU_chr3_00003,sweeps,sweep,4514
sweep_PEL_chr4_00065,sweeps,sweep,4606
sweep_GIH_chr5_00066,sweeps,sweep,5335
sweep_CEU_chr6_00065,sweeps,sweep,2575
sweep_YRI_chr7_00112,sweeps,sweep,4926
sweep_CEU_chr8_00035,sweeps,sweep,4770
sweep_CHB_chr9_00022,sweeps,sweep,5157
sweep_YRI_chr10_00128,sweeps,sweep,4699
sweep_GIH_chr11_00037,sweeps,sweep,3255
sweep_YRI_chr12_00083,sweeps,sweep,5695
sweep_CHB_chr13_00045,sweeps,sweep,2390
sweep_GIH_chr14_00015,sweeps,sweep,5252
sweep_PEL_chr15_00024,sweeps,sweep,5423
sweep_PEL_chr16_00036,sweeps,sweep,5076
sweep_CEU_chr17_00051,sweeps,sweep,5436
sweep_PEL_chr18_00007,sweeps,sweep,5160
sweep_CEU_chr19_00040,sweeps,sweep,5456
sweep_CEU_chr20_00004,sweeps,sweep,3834
sweep_CHB_chr21_00006,sweeps,sweep,4653
sweep_YRI_chr22_00028,sweeps,sweep,4396
sweep_CEU_chr3_00016,sweeps,sweep,5474
sweep_PEL_chr4_00032,sweeps,sweep,4753
sweep_GIH_chr5_00040,sweeps,sweep,4671
sweep_GIH_chr6_00010,sweeps,sweep,4410
sweep_YRI_chr7_00056,sweeps,sweep,3309
sweep_YRI_chr8_00063,sweeps,sweep,5021
sweep_PEL_chr9_00010,sweeps,sweep,5280
sweep_CEU_chr10_00031,sweeps,sweep,5191
sweep_GIH_chr11_00012,sweeps,sweep,5396
sweep_CEU_chr12_00021,sweeps,sweep,2617
sweep_CEU_chr13_00049,sweeps,sweep,4171
sweep_GIH_chr14_00008,sweeps,sweep,5256
sweep_CHB_chr15_00025,sweeps,sweep,3849
sweep_PEL_chr16_00056,sweeps,sweep,5131
sweep_CHB_chr17_00066,sweeps,sweep,5263
sweep_CEU_chr18_00024,sweeps,sweep,4793
sweep_CHB_chr19_00013,sweeps,sweep,4460
sweep_YRI_chr20_00031,sweeps,sweep,4859
sweep_YRI_chr21_00007,sweeps,sweep,4557
sweep_YRI_chr22_00021,sweeps,sweep,5513
sweep_PEL_chr3_00039,sweeps,sweep,5096
sweep_CHB_chr4_00027,sweeps,sweep,2687
sweep_YRI_chr5_00008,sweeps,sweep,4625
sweep_GIH_chr6_00018,sweeps,sweep,4803
sweep_CHB_chr7_00007,sweeps,sweep,3824
sweep_PEL_chr8_00015,sweeps,sweep,5302
sweep_YRI_chr9_00057,sweeps,sweep,5243
sweep_GIH_chr10_00052,sweeps,sweep,4854
sweep_GIH_chr11_00008,sweeps,sweep,4546
sweep_CHB_chr12_00018,sweeps,sweep,5250
sweep_CHB_chr13_00031,sweeps,sweep,5258
sweep_CEU_chr14_00034,sweeps,sweep,5459
sweep_PEL_chr15_00026,sweeps,sweep,5239
sweep_GIH_chr16_00001,sweeps,sweep,4455
sweep_YRI_chr17_00012,sweeps,sweep,5404
sweep_YRI_chr18_00056,sweeps,sweep,4465
sweep_YRI_chr19_00057,sweeps,sweep,4899
sweep_GIH_chr20_00016,sweeps,sweep,5125
sweep_CEU_chr21_00008,sweeps,sweep,5246
sweep_CHB_chr22_00037,sweeps,sweep,4877
sweep_YRI_chr3_00050,sweeps,sweep,3193
sweep_YRI_chr4_00136,sweeps,sweep,5035
sweep_CHB_chr5_00058,sweeps,sweep,4214
sweep_PEL_chr6_00071,sweeps,sweep,4919
sweep_GIH_chr7_00007,sweeps,sweep,4146
sweep_YRI_chr8_00110,sweeps,sweep,4681
sweep_CHB_chr9_00049,sweeps,sweep,4252
sweep_CEU_chr10_00076,sweeps,sweep,5008
sweep_YRI_chr11_00154,sweeps,sweep,5169
sweep_YRI_chr12_00123,sweeps,sweep,5135
sweep_YRI_chr13_00057,sweeps,sweep,4360
sweep_CHB_chr14_00059,sweeps,sweep,4161
sweep_YRI_chr15_00001,sweeps,sweep,5092
sweep_YRI_chr16_00046,sweeps,sweep,4080
sweep_CEU_chr17_00043,sweeps,sweep,5579
sweep_YRI_chr18_00023,sweeps,sweep,3531
sweep_CHB_chr19_00045,sweeps,sweep,4548
sweep_YRI_chr20_00028,sweeps,sweep,4748
sweep_CHB_chr21_00005,sweeps,sweep,3600
sweep_CEU_chr22_00004,sweeps,sweep,5465
sweep_YRI_chr3_00056,sweeps,sweep,4351
sweep_CHB_chr4_00035,sweeps,sweep,4500
sweep_CHB_chr5_00051,sweeps,sweep,4128
sweep_YRI_chr6_00148,sweeps,sweep,4745
sweep_YRI_chr7_00016,sweeps,sweep,3421
sweep_GIH_chr8_00036,sweeps,sweep,4867
sweep_CHB_chr9_00021,sweeps,sweep,4692
sweep_YRI_chr10_00092,sweeps,sweep,5275
sweep_YRI_chr11_00014,sweeps,sweep,5134
sweep_YRI_chr12_00023,sweeps,sweep,3888
sweep_GIH_chr13_00039,sweeps,sweep,4461
sweep_YRI_chr14_00010,sweeps,sweep,5060
sweep_CEU_chr15_00024,sweeps,sweep,4058
sweep_CEU_chr16_00054,sweeps,sweep,5590
sweep_CHB_chr17_00020,sweeps,sweep,2610
sweep_YRI_chr18_00051,sweeps,sweep,4985
sweep_GIH_chr19_00030,sweeps,sweep,5220
sweep_CHB_chr20_00022,sweeps,sweep,5676
sweep_CHB_chr21_00009,sweeps,sweep,4542
sweep_CEU_chr22_00014,sweeps,sweep,4187
sweep_YRI_chr3_00008,sweeps,sweep,4703
sweep_GIH_chr4_00071,sweeps,sweep,4967
sweep_PEL_chr5_00057,sweeps,sweep,4013
sweep_YRI_chr6_00178,sweeps,sweep,4300
sweep_GIH_chr7_00058,sweeps,sweep,4749
sweep_CEU_chr8_00071,sweeps,sweep,4725
sweep_PEL_chr9_00046,sweeps,sweep,3881
sweep_GIH_chr10_00061,sweeps,sweep,5249
sweep_YRI_chr11_00160,sweeps,sweep,4731
sweep_YRI_chr12_00055,sweeps,sweep,4319
sweep_YRI_chr13_00093,sweeps,sweep,5036
sweep_CEU_chr14_00028,sweeps,sweep,4062
sweep_PEL_chr15_00018,sweeps,sweep,5049
sweep_YRI_chr16_00010,sweeps,sweep,5455
sweep_CHB_chr17_00029,sweeps,sweep,5212
sweep_CEU_chr18_00027,sweeps,sweep,3839
sweep_GIH_chr19_00020,sweeps,sweep,3944
sweep_CHB_chr20_00017,sweeps,sweep,5019
sweep_CHB_chr21_00016,sweeps,sweep,4917
sweep_PEL_chr22_00001,sweeps,sweep,4833
sweep_control_000025,sweeps,control,5571
sweep_control_007777,sweeps,control,4696
sweep_control_003350,sweeps,control,3952
sweep_control_005597,sweeps,control,5317
sweep_control_000004,sweeps,control,4774
sweep_control_004004,sweeps,control,4394
sweep_control_001827,sweeps,control,4669
sweep_control_007744,sweeps,control,4854
sweep_control_000148,sweeps,control,4954
sweep_control_005591,sweeps,control,5086
sweep_control_006288,sweeps,control,5411
sweep_control_000893,sweeps,control,4758
sweep_control_003416,sweeps,control,4374
sweep_control_004012,sweeps,control,5078
sweep_control_004904,sweeps,control,3875
sweep_control_005606,sweeps,control,4648
sweep_control_001776,sweeps,control,4402
sweep_control_000953,sweeps,control,4859
sweep_control_006293,sweeps,control,4692
sweep_control_000827,sweeps,control,5404
sweep_control_006283,sweeps,control,5567
sweep_control_000814,sweeps,control,4935
sweep_control_003408,sweeps,control,5143
sweep_control_004040,sweeps,control,4844
sweep_control_003393,sweeps,control,5107
sweep_control_007792,sweeps,control,4795
sweep_control_003353,sweeps,control,5032
sweep_control_000941,sweeps,control,5019
sweep_control_005000,sweeps,control,4581
sweep_control_007778,sweeps,control,4806
sweep_control_006350,sweeps,control,5115
sweep_control_007798,sweeps,control,5038
sweep_control_006270,sweeps,control,4664
sweep_control_002485,sweeps,control,4801
sweep_control_000076,sweeps,control,3641
sweep_control_002564,sweeps,control,4957
sweep_control_004929,sweeps,control,5268
sweep_control_007704,sweeps,control,4282
sweep_control_001833,sweeps,control,3967
sweep_control_004070,sweeps,control,3912
sweep_control_004875,sweeps,control,2553
sweep_control_000922,sweeps,control,4053
sweep_control_006399,sweeps,control,4799
sweep_control_007703,sweeps,control,5089
sweep_control_001773,sweeps,control,5304
sweep_control_007752,sweeps,control,5138
sweep_control_000070,sweeps,control,3499
sweep_control_004006,sweeps,control,4407
sweep_control_006388,sweeps,control,4243
sweep_control_007647,sweeps,control,5703
sweep_control_006219,sweeps,control,5109
sweep_control_000939,sweeps,control,4507
sweep_control_006429,sweeps,control,4555
sweep_control_005522,sweeps,control,4794
sweep_control_004947,sweeps,control,4572
sweep_control_005553,sweeps,control,4153
sweep_control_006438,sweeps,control,4889
sweep_control_005524,sweeps,control,4218
sweep_control_004938,sweeps,control,5132
sweep_control_004023,sweeps,control,5552
sweep_control_000149,sweeps,control,3763
sweep_control_005533,sweeps,control,5172
sweep_control_000008,sweeps,control,5738
sweep_control_007723,sweeps,control,5290
sweep_control_006450,sweeps,control,4836
sweep_control_000894,sweeps,control,4828
sweep_control_004965,sweeps,control,4580
sweep_control_004024,sweeps,control,4639
sweep_control_001745,sweeps,control,4635
sweep_control_007730,sweeps,control,4436
sweep_control_000088,sweeps,control,5179
sweep_control_007690,sweeps,control,5587
sweep_control_003273,sweeps,control,4374
sweep_control_005574,sweeps,control,4354
sweep_control_006220,sweeps,control,5600
sweep_control_000856,sweeps,control,5081
sweep_control_000056,sweeps,control,2559
sweep_control_007781,sweeps,control,5362
sweep_control_003326,sweeps,control,5515
sweep_control_005516,sweeps,control,5415
sweep_control_004895,sweeps,control,4301
sweep_control_007624,sweeps,control,5195
sweep_control_006453,sweeps,control,5050
sweep_control_007670,sweeps,control,5558
sweep_control_006269,sweeps,control,2617
sweep_control_004113,sweeps,control,4190
sweep_control_000162,sweeps,control,4873
sweep_control_004014,sweeps,control,5139
sweep_control_000146,sweeps,control,4885
sweep_control_002575,sweeps,control,5446
sweep_control_000161,sweeps,control,5297
sweep_control_007747,sweeps,control,5277
sweep_control_000077,sweeps,control,5550
sweep_control_004007,sweeps,control,5443
sweep_control_003299,sweeps,control,4299
sweep_control_007610,sweeps,control,4701
sweep_control_003276,sweeps,control,4524
sweep_control_002580,sweeps,control,4888
sweep_control_006382,sweeps,control,4683
sweep_control_004046,sweeps,control,5089
sweep_control_001096,sweeps,control,5501
sweep_control_001176,sweeps,control,4731
sweep_control_008441,sweeps,control,4917
sweep_control_005968,sweeps,control,4216
sweep_control_009000,sweeps,control,4498
sweep_control_003189,sweeps,control,4379
sweep_control_001666,sweeps,control,5005
sweep_control_000208,sweeps,control,4849
sweep_control_000300,sweeps,control,4908
sweep_control_003641,sweeps,control,5010
sweep_control_003692,sweeps,control,4288
sweep_control_007080,sweeps,control,4630
sweep_control_000580,sweeps,control,5078
sweep_control_003833,sweeps,control,5012
sweep_control_005427,sweeps,control,5094
sweep_control_002427,sweeps,control,5144
sweep_control_002438,sweeps,control,5538
sweep_control_007909,sweeps,control,5314
sweep_control_007936,sweeps,control,3712
sweep_control_005661,sweeps,control,3671
sweep_control_004230,sweeps,control,5039
sweep_control_008293,sweeps,control,4620
sweep_control_008451,sweeps,control,4992
sweep_control_008718,sweeps,control,5079
sweep_control_008993,sweeps,control,4084
sweep_control_009110,sweeps,control,5565
sweep_control_001699,sweeps,control,5556
sweep_control_003474,sweeps,control,5342
sweep_control_000262,sweeps,control,4984
sweep_control_006914,sweeps,control,4515
sweep_control_006930,sweeps,control,4526
sweep_control_007069,sweeps,control,5373
sweep_control_007211,sweeps,control,5417
sweep_control_002319,sweeps,control,5387
sweep_control_002352,sweeps,control,5412
sweep_control_007427,sweeps,control,4730
sweep_control_003988,sweeps,control,5080
sweep_control_004161,sweeps,control,5547
sweep_control_004188,sweeps,control,5242
sweep_control_007974,sweeps,control,4270
sweep_control_005698,sweeps,control,4706
sweep_control_002876,sweeps,control,4186
sweep_control_008540,sweeps,control,4794
sweep_control_008639,sweeps,control,4989
sweep_control_001468,sweeps,control,4756
sweep_control_004796,sweeps,control,3199
sweep_control_009224,sweeps,control,5360
sweep_control_001902,sweeps,control,5187
sweep_control_006721,sweeps,control,5072
sweep_control_005194,sweeps,control,5040
sweep_control_006943,sweeps,control,5110
sweep_control_005281,sweeps,control,3877
sweep_control_002235,sweeps,control,5276
sweep_control_003811,sweeps,control,4459
sweep_control_002390,sweeps,control,5406
sweep_control_007463,sweeps,control,4990
sweep_control_002471,sweeps,control,5175
sweep_control_000980,sweeps,control,5157
sweep_control_005650,sweeps,control,4450
sweep_control_008011,sweeps,control,3942
sweep_control_005745,sweeps,control,5279
sweep_control_008236,sweeps,control,4013
sweep_control_001325,sweeps,control,4826
sweep_control_004603,sweeps,control,4529
sweep_control_006074,sweeps,control,4382
sweep_control_009192,sweeps,control,4672
sweep_control_003214,sweeps,control,4829
sweep_control_001934,sweeps,control,2568
sweep_control_003560,sweeps,control,4593
sweep_control_003623,sweeps,control,4322
sweep_control_003678,sweeps,control,4464
sweep_control_002190,sweeps,control,4028
sweep_control_002265,sweeps,control,5095
sweep_control_000612,sweeps,control,5846
sweep_control_007404,sweeps,control,4693
sweep_control_005465,sweeps,control,4503
sweep_control_003989,sweeps,control,5116
sweep_control_000974,sweeps,control,4898
sweep_control_007963,sweeps,control,4016
sweep_control_005677,sweeps,control,5285
sweep_control_001149,sweeps,control,4809
sweep_control_004342,sweeps,control,4428
sweep_control_002945,sweeps,control,4742
sweep_control_004621,sweeps,control,4630
sweep_control_001512,sweeps,control,3718
sweep_control_009025,sweeps,control,5231
sweep_control_003221,sweeps,control,4995
sweep_control_001916,sweeps,control,4444
sweep_control_002022,sweeps,control,5055
sweep_control_006819,sweeps,control,4210
sweep_control_003659,sweeps,control,4974
sweep_control_002158,sweeps,control,4804
sweep_control_000544,sweeps,control,5200
sweep_control_000615,sweeps,control,5529
sweep_control_007384,sweeps,control,4368
sweep_control_007470,sweeps,control,4901
sweep_control_000802,sweeps,control,5139
sweep_control_007896,sweeps,control,4391
sweep_control_005645,sweeps,control,5012
sweep_control_004202,sweeps,control,5382
sweep_control_005710,sweeps,control,5034
sweep_control_001268,sweeps,control,3975
sweep_control_005882,sweeps,control,4320
sweep_control_005989,sweeps,control,4657
sweep_control_003121,sweeps,control,4257
sweep_control_001623,sweeps,control,4108
sweep_control_001698,sweeps,control,5652
sweep_control_005004,sweeps,control,5326
sweep_control_005144,sweeps,control,2556
sweep_control_000431,sweeps,control,5452
sweep_control_007001,sweeps,control,4765
sweep_control_007029,sweeps,control,4596
sweep_control_002219,sweeps,control,5284
sweep_control_003823,sweeps,control,4507
sweep_control_002357,sweeps,control,4761
sweep_control_000720,sweeps,control,5184
sweep_control_002430,sweeps,control,5098
sweep_control_007928,sweeps,control,4643
sweep_control_000999,sweeps,control,5126
sweep_control_002644,sweeps,control,2581
sweep_control_001168,sweeps,control,4581
sweep_control_002822,sweeps,control,4381
sweep_control_002932,sweeps,control,5148
sweep_control_003015,sweeps,control,4519
sweep_control_003076,sweeps,control,2438
sweep_control_006163,sweeps,control,5539
sweep_control_001648,sweeps,control,4508
sweep_control_000215,sweeps,control,4827
sweep_control_006667,sweeps,control,5293
sweep_control_005178,sweeps,control,5240
sweep_control_003689,sweeps,control,4724
sweep_control_002157,sweeps,control,5576
sweep_control_003784,sweeps,control,4862
sweep_control_007274,sweeps,control,5268
sweep_control_007397,sweeps,control,4378
sweep_control_005457,sweeps,control,4766
sweep_control_007566,sweeps,control,4559
sweep_control_002611,sweeps,control,5438
sweep_control_004183,sweeps,control,5484
sweep_control_004206,sweeps,control,5165
sweep_control_008213,sweeps,control,5130
sweep_control_002860,sweeps,control,5669
sweep_control_005900,sweeps,control,4101
sweep_control_005978,sweeps,control,4552
sweep_control_006035,sweeps,control,5463
sweep_control_001572,sweeps,control,2913
sweep_control_003256,sweeps,control,5405
sweep_control_000171,sweeps,control,4630
sweep_control_005135,sweeps,control,4535
sweep_control_000390,sweeps,control,5315
sweep_control_000483,sweeps,control,4594
sweep_control_000516,sweeps,control,4930
sweep_control_003775,sweeps,control,4973
sweep_control_003813,sweeps,control,5588
sweep_control_002325,sweeps,control,5330
sweep_control_003932,sweeps,control,5177
sweep_control_000780,sweeps,control,5356
sweep_control_000992,sweeps,control,5279
sweep_control_001015,sweeps,control,4817
sweep_control_001027,sweeps,control,3928
sweep_control_008101,sweeps,control,4685
sweep_control_001260,sweeps,control,4503
sweep_control_005938,sweeps,control,4926
sweep_control_001403,sweeps,control,5591
sweep_control_006077,sweeps,control,4365
sweep_control_009107,sweeps,control,5071
sweep_control_009229,sweeps,control,5077
sweep_control_005056,sweeps,control,4933
sweep_control_000296,sweeps,control,5525
sweep_control_006886,sweeps,control,5012
sweep_control_000459,sweeps,control,4438
sweep_control_007048,sweeps,control,5800
sweep_control_005309,sweeps,control,5378
sweep_control_005380,sweeps,control,5218
sweep_control_007379,sweeps,control,5406
sweep_control_005434,sweeps,control,5414
sweep_control_000800,sweeps,control,5627
sweep_control_004163,sweeps,control,5001
sweep_control_004181,sweeps,control,2559
sweep_control_002676,sweeps,control,5459
sweep_control_004266,sweeps,control,4657
sweep_control_008245,sweeps,control,4679
sweep_control_008515,sweeps,control,5412
sweep_control_008768,sweeps,control,4759
sweep_control_004668,sweeps,control,5043
sweep_control_006145,sweeps,control,4917
sweep_control_003241,sweeps,control,4788
sweep_control_001891,sweeps,control,4477
sweep_control_003575,sweeps,control,5193
sweep_control_006806,sweeps,control,4212
sweep_control_007007,sweeps,control,4750
sweep_control_000494,sweeps,control,4800
sweep_control_003791,sweeps,control,4833
sweep_control_007312,sweeps,control,5426
sweep_control_002341,sweeps,control,5354
sweep_control_005456,sweeps,control,5798
sweep_control_003982,sweeps,control,5161
sweep_control_002605,sweeps,control,4638
sweep_control_007955,sweeps,control,4578
sweep_control_002680,sweeps,control,5023
introgression_BEB_chr1_68,introgression,introgression,5746
introgression_IBS_chr2_42,introgression,introgression,4403
introgression_CHB_chr1_32,introgression,introgression,5106
introgression_PEL_chr2_16,introgression,introgression,5189
introgression_ITU_chr1_88,introgression,introgression,3869
introgression_PUR_chr2_11,introgression,introgression,4901
introgression_MXL_chr1_62,introgression,introgression,5571
introgression_FIN_chr2_19,introgression,introgression,4143
introgression_KHV_chr1_90,introgression,introgression,5032
introgression_ITU_chr2_99,introgression,introgression,3628
introgression_JPT_chr1_70,introgression,introgression,4540
introgression_ITU_chr2_1,introgression,introgression,5056
introgression_ITU_chr1_13,introgression,introgression,4721
introgression_GBR_chr2_9,introgression,introgression,5041
introgression_GBR_chr1_86,introgression,introgression,5361
introgression_CDX_chr2_32,introgression,introgression,5593
introgression_ITU_chr1_119,introgression,introgression,5348
introgression_PUR_chr2_12,introgression,introgression,4296
introgression_TSI_chr1_15,introgression,introgression,5446
introgression_CHB_chr2_39,introgression,introgression,4663
introgression_Papuans_chr1_50,introgression,introgression,5463
introgression_JPT_chr2_38,introgression,introgression,5004
introgression_KHV_chr1_68,introgression,introgression,5290
introgression_CEU_chr2_88,introgression,introgression,4310
introgression_TSI_chr1_82,introgression,introgression,5201
introgression_BEB_chr2_66,introgression,introgression,5753
introgression_PJL_chr1_42,introgression,introgression,4241
introgression_PJL_chr2_64,introgression,introgression,4803
introgression_IBS_chr1_23,introgression,introgression,5243
introgression_CLM_chr2_73,introgression,introgression,4870
introgression_PJL_chr1_94,introgression,introgression,5083
introgression_BEB_chr2_62,introgression,introgression,4929
introgression_PEL_chr1_108,introgression,introgression,4898
introgression_GBR_chr2_22,introgression,introgression,4309
introgression_IBS_chr1_50,introgression,introgression,4623
introgression_MXL_chr2_91,introgression,introgression,5042
introgression_CHS_chr1_37,introgression,introgression,5056
introgression_FIN_chr2_95,introgression,introgression,5230
introgression_GBR_chr1_17,introgression,introgression,5673
introgression_TSI_chr2_70,introgression,introgression,4668
introgression_PJL_chr1_14,introgression,introgression,4389
introgression_PUR_chr2_46,introgression,introgression,5145
introgression_FIN_chr1_66,introgression,introgression,5348
introgression_CLM_chr2_71,introgression,introgression,4889
introgression_STU_chr1_87,introgression,introgression,5391
introgression_GIH_chr2_90,introgression,introgression,4867
introgression_IBS_chr1_76,introgression,introgression,4555
introgression_TSI_chr2_37,introgression,introgression,4697
introgression_MXL_chr1_67,introgression,introgression,5057
introgression_PJL_chr2_62,introgression,introgression,5267
introgression_Papuans_chr1_3,introgression,introgression,4481
introgression_GIH_chr2_85,introgression,introgression,4820
introgression_PEL_chr1_19,introgression,introgression,4346
introgression_Papuans_chr2_13,introgression,introgression,4675
introgression_PUR_chr1_116,introgression,introgression,5014
introgression_STU_chr2_83,introgression,introgression,5381
introgression_BEB_chr1_90,introgression,introgression,4273
introgression_GBR_chr2_77,introgression,introgression,5158
introgression_TSI_chr1_31,introgression,introgression,5116
introgression_CDX_chr2_3,introgression,introgression,4363
introgression_IBS_chr1_99,introgression,introgression,4979
introgression_TSI_chr2_61,introgression,introgression,4047
introgression_BEB_chr1_120,introgression,introgression,4788
introgression_CHB_chr2_25,introgression,introgression,4847
introgression_TSI_chr1_84,introgression,introgression,4540
introgression_KHV_chr2_65,introgression,introgression,5174
introgression_GBR_chr1_28,introgression,introgression,4421
introgression_PEL_chr2_17,introgression,introgression,5347
introgression_KHV_chr1_83,introgression,introgression,5116
introgression_JPT_chr2_56,introgression,introgression,4336
introgression_STU_chr1_34,introgression,introgression,5154
introgression_IBS_chr2_11,introgression,introgression,4195
introgression_CLM_chr1_93,introgression,introgression,5054
introgression_MXL_chr2_26,introgression,introgression,4439
introgression_BEB_chr1_96,introgression,introgression,5177
introgression_FIN_chr2_18,introgression,introgression,5022
introgression_CDX_chr1_75,introgression,introgression,5587
introgression_MXL_chr2_41,introgression,introgression,5012
introgression_PEL_chr1_25,introgression,introgression,5343
introgression_TSI_chr2_50,introgression,introgression,4946
introgression_IBS_chr1_73,introgression,introgression,5150
introgression_Papuans_chr2_2,introgression,introgression,4742
introgression_KHV_chr1_73,introgression,introgression,5235
introgression_GBR_chr2_79,introgression,introgression,4879
introgression_STU_chr1_51,introgression,introgression,5441
introgression_GIH_chr2_87,introgression,introgression,4475
introgression_CEU_chr1_3,introgression,introgression,5125
introgression_PEL_chr2_79,introgression,introgression,4043
introgression_PJL_chr1_89,introgression,introgression,4944
introgression_FIN_chr2_40,introgression,introgression,4385
introgression_KHV_chr1_78,introgression,introgression,5246
introgression_JPT_chr2_10,introgression,introgression,4786
introgression_STU_chr1_101,introgression,introgression,5320
introgression_IBS_chr2_85,introgression,introgression,4917
introgression_CLM_chr1_70,introgression,introgression,5133
introgression_IBS_chr2_74,introgression,introgression,5119
introgression_TSI_chr1_10,introgression,introgression,5194
introgression_GIH_chr2_34,introgression,introgression,4322
introgression_FIN_chr1_42,introgression,introgression,4334
introgression_ITU_chr2_17,introgression,introgression,4953
introgression_TSI_chr3_40,introgression,introgression,4301
introgression_BEB_chr4_17,introgression,introgression,4380
introgression_TSI_chr5_20,introgression,introgression,4477
introgression_FIN_chr6_65,introgression,introgression,4693
introgression_GIH_chr7_27,introgression,introgression,4049
introgression_PUR_chr8_6,introgression,introgression,5100
introgression_FIN_chr9_34,introgression,introgression,5127
introgression_GIH_chr10_63,introgression,introgression,4658
introgression_BEB_chr11_26,introgression,introgression,4800
introgression_ITU_chr12_20,introgression,introgression,5172
introgression_IBS_chr13_4,introgression,introgression,4423
introgression_CEU_chr14_42,introgression,introgression,5451
introgression_CHB_chr15_3,introgression,introgression,5157
introgression_CHB_chr16_19,introgression,introgression,3632
introgression_GBR_chr17_23,introgression,introgression,4549
introgression_PEL_chr18_17,introgression,introgression,4539
introgression_BEB_chr19_56,introgression,introgression,5181
introgression_CEU_chr20_15,introgression,introgression,5204
introgression_STU_chr21_22,introgression,introgression,5009
introgression_TSI_chr22_20,introgression,introgression,4594
introgression_GIH_chr3_73,introgression,introgression,4706
introgression_PJL_chr4_82,introgression,introgression,4662
introgression_ITU_chr5_62,introgression,introgression,5196
introgression_PUR_chr6_33,introgression,introgression,4962
introgression_PJL_chr7_69,introgression,introgression,3811
introgression_IBS_chr8_12,introgression,introgression,4493
introgression_TSI_chr9_12,introgression,introgression,5113
introgression_FIN_chr10_14,introgression,introgression,4376
introgression_PJL_chr11_1,introgression,introgression,4439
introgression_GBR_chr12_11,introgression,introgression,5323
introgression_GBR_chr13_1,introgression,introgression,4809
introgression_BEB_chr14_26,introgression,introgression,4573
introgression_KHV_chr15_37,introgression,introgression,5477
introgression_MXL_chr16_9,introgression,introgression,4684
introgression_CHS_chr17_13,introgression,introgression,5350
introgression_TSI_chr18_22,introgression,introgression,4413
introgression_CHS_chr19_7,introgression,introgression,5231
introgression_CHS_chr20_6,introgression,introgression,5516
introgression_PEL_chr21_4,introgression,introgression,5265
introgression_Papuans_chr22_9,introgression,introgression,4749
introgression_STU_chr3_49,introgression,introgression,5546
introgression_STU_chr4_55,introgression,introgression,5175
introgression_GBR_chr5_6,introgression,introgression,5113
introgression_PJL_chr6_40,introgression,introgression,5567
introgression_PUR_chr7_64,introgression,introgression,5299
introgression_Papuans_chr8_23,introgression,introgression,4867
introgression_CLM_chr9_68,introgression,introgression,4856
introgression_PUR_chr10_38,introgression,introgression,4452
introgression_KHV_chr11_69,introgression,introgression,4523
introgression_GBR_chr12_42,introgression,introgression,4892
introgression_TSI_chr13_5,introgression,introgression,4323
introgression_IBS_chr14_40,introgression,introgression,4778
introgression_JPT_chr15_8,introgression,introgression,4878
introgression_MXL_chr16_42,introgression,introgression,5240
introgression_IBS_chr17_0,introgression,introgression,5546
introgression_STU_chr18_2,introgression,introgression,5163
introgression_TSI_chr19_36,introgression,introgression,5141
introgression_MXL_chr20_5,introgression,introgression,4350
introgression_BEB_chr21_12,introgression,introgression,5258
introgression_Papuans_chr22_2,introgression,introgression,4795
introgression_Papuans_chr3_51,introgression,introgression,5591
introgression_CHS_chr4_45,introgression,introgression,4532
introgression_BEB_chr5_79,introgression,introgression,4975
introgression_PEL_chr6_36,introgression,introgression,5083
introgression_PEL_chr7_16,introgression,introgression,5120
introgression_STU_chr8_4,introgression,introgression,5388
introgression_BEB_chr9_67,introgression,introgression,5505
introgression_STU_chr10_52,introgression,introgression,5265
introgression_CEU_chr11_12,introgression,introgression,4281
introgression_CEU_chr12_43,introgression,introgression,4175
introgression_MXL_chr13_16,introgression,introgression,4480
introgression_JPT_chr14_11,introgression,introgression,5125
introgression_STU_chr15_43,introgression,introgression,4903
introgression_TSI_chr16_9,introgression,introgression,5401
introgression_IBS_chr17_8,introgression,introgression,5387
introgression_MXL_chr18_0,introgression,introgression,4227
introgression_MXL_chr19_31,introgression,introgression,4873
introgression_PEL_chr20_8,introgression,introgression,5418
introgression_GIH_chr21_3,introgression,introgression,5434
introgression_TSI_chr22_26,introgression,introgression,5452
introgression_FIN_chr3_31,introgression,introgression,4166
introgression_MXL_chr4_31,introgression,introgression,4844
introgression_CLM_chr5_89,introgression,introgression,5490
introgression_CDX_chr6_0,introgression,introgression,4963
introgression_CDX_chr7_46,introgression,introgression,4642
introgression_JPT_chr8_10,introgression,introgression,5009
introgression_CHB_chr9_48,introgression,introgression,4775
introgression_CEU_chr10_46,introgression,introgression,5357
introgression_PUR_chr11_19,introgression,introgression,4488
introgression_Papuans_chr12_19,introgression,introgression,5693
introgression_CHB_chr13_50,introgression,introgression,5262
introgression_KHV_chr14_8,introgression,introgression,5092
introgression_PUR_chr15_47,introgression,introgression,5202
introgression_Papuans_chr16_16,introgression,introgression,5155
introgression_CDX_chr17_27,introgression,introgression,5917
introgression_IBS_chr18_10,introgression,introgression,4917
introgression_CLM_chr19_1,introgression,introgression,5304
introgression_BEB_chr20_27,introgression,introgression,5125
introgression_IBS_chr21_0,introgression,introgression,5223
introgression_Papuans_chr22_13,introgression,introgression,5013
introgression_GIH_chr3_21,introgression,introgression,5103
introgression_PJL_chr4_9,introgression,introgression,4582
introgression_CHS_chr5_52,introgression,introgression,5506
introgression_GBR_chr6_8,introgression,introgression,5153
introgression_CLM_chr7_21,introgression,introgression,5521
introgression_CEU_chr8_16,introgression,introgression,4803
introgression_CEU_chr9_17,introgression,introgression,4778
introgression_MXL_chr10_85,introgression,introgression,3819
introgression_ITU_chr11_23,introgression,introgression,3968
introgression_TSI_chr12_28,introgression,introgression,5426
introgression_GBR_chr13_37,introgression,introgression,4564
introgression_ITU_chr14_6,introgression,introgression,3791
introgression_BEB_chr15_30,introgression,introgression,4628
introgression_JPT_chr16_19,introgression,introgression,5540
introgression_PEL_chr17_20,introgression,introgression,5485
introgression_MXL_chr18_10,introgression,introgression,5077
introgression_BEB_chr19_10,introgression,introgression,5447
introgression_IBS_chr20_18,introgression,introgression,5282
introgression_CEU_chr21_8,introgression,introgression,4965
introgression_IBS_chr22_10,introgression,introgression,4459
introgression_KHV_chr3_66,introgression,introgression,4591
introgression_CLM_chr4_3,introgression,introgression,4236
introgression_Papuans_chr5_8,introgression,introgression,4137
introgression_PJL_chr6_102,introgression,introgression,4104
introgression_PJL_chr7_67,introgression,introgression,4869
introgression_CHB_chr8_7,introgression,introgression,5446
introgression_IBS_chr9_23,introgression,introgression,5550
introgression_FIN_chr10_11,introgression,introgression,5306
introgression_CLM_chr11_20,introgression,introgression,4030
introgression_TSI_chr12_1,introgression,introgression,4078
introgression_PJL_chr13_4,introgression,introgression,4918
introgression_CDX_chr14_6,introgression,introgression,5051
introgression_PEL_chr15_39,introgression,introgression,5614
introgression_KHV_chr16_14,introgression,introgression,4808
introgression_IBS_chr17_6,introgression,introgression,4885
introgression_CHS_chr18_11,introgression,introgression,5419
introgression_PEL_chr19_37,introgression,introgression,5279
introgression_PUR_chr20_39,introgression,introgression,4376
introgression_ITU_chr21_16,introgression,introgression,5075
introgression_STU_chr22_8,introgression,introgression,4209
introgression_PJL_chr3_2,introgression,introgression,4431
introgression_PEL_chr4_43,introgression,introgression,5367
introgression_PJL_chr5_6,introgression,introgression,5330
introgression_BEB_chr6_38,introgression,introgression,4293
introgression_PUR_chr7_38,introgression,introgression,4659
introgression_PUR_chr8_34,introgression,introgression,4450
introgression_PJL_chr9_43,introgression,introgression,5478
introgression_CDX_chr10_38,introgression,introgression,4934
introgression_PUR_chr11_15,introgression,introgression,5686
introgression_FIN_chr12_69,introgression,introgression,5718
introgression_CHB_chr13_10,introgression,introgression,4139
introgression_GIH_chr14_32,introgression,introgression,4753
introgression_KHV_chr15_8,introgression,introgression,5123
introgression_CLM_chr16_38,introgression,introgression,5572
introgression_STU_chr17_18,introgression,introgression,5062
introgression_JPT_chr18_3,introgression,introgression,4299
introgression_MXL_chr19_28,introgression,introgression,5204
introgression_PEL_chr20_2,introgression,introgression,5348
introgression_PJL_chr21_6,introgression,introgression,4968
introgression_PJL_chr22_30,introgression,introgression,4984
introgression_TSI_chr3_15,introgression,introgression,5224
introgression_GIH_chr4_37,introgression,introgression,4687
introgression_GIH_chr5_87,introgression,introgression,4204
introgression_GIH_chr6_3,introgression,introgression,5108
introgression_CHS_chr7_52,introgression,introgression,5594
introgression_KHV_chr8_22,introgression,introgression,5003
introgression_GIH_chr9_50,introgression,introgression,4350
introgression_ITU_chr10_35,introgression,introgression,4387
introgression_PJL_chr11_25,introgression,introgression,4917
introgression_GIH_chr12_32,introgression,introgression,4091
introgression_KHV_chr13_31,introgression,introgression,4563
introgression_STU_chr14_15,introgression,introgression,4928
introgression_CHB_chr15_43,introgression,introgression,4428
introgression_Papuans_chr16_23,introgression,introgression,5148
introgression_KHV_chr17_16,introgression,introgression,5340
introgression_GIH_chr18_18,introgression,introgression,4899
introgression_TSI_chr19_18,introgression,introgression,5369
introgression_BEB_chr20_43,introgression,introgression,5474
introgression_FIN_chr21_2,introgression,introgression,4616
introgression_CHS_chr22_19,introgression,introgression,5787
introgression_GIH_chr3_44,introgression,introgression,5066
introgression_CLM_chr4_1,introgression,introgression,4337
introgression_JPT_chr5_46,introgression,introgression,5137
introgression_GIH_chr6_45,introgression,introgression,5576
introgression_PJL_chr7_11,introgression,introgression,5006
introgression_CHS_chr8_30,introgression,introgression,4767
introgression_BEB_chr9_7,introgression,introgression,5051
introgression_PUR_chr10_63,introgression,introgression,5346
introgression_PUR_chr11_8,introgression,introgression,5204
introgression_FIN_chr12_56,introgression,introgression,4685
introgression_IBS_chr13_32,introgression,introgression,4955
introgression_CDX_chr14_8,introgression,introgression,4845
introgression_TSI_chr15_14,introgression,introgression,5296
introgression_PEL_chr16_45,introgression,introgression,5576
introgression_PJL_chr17_8,introgression,introgression,5669
introgression_PUR_chr18_22,introgression,introgression,5191
introgression_MXL_chr19_8,introgression,introgression,5127
introgression_FIN_chr20_13,introgression,introgression,5163
introgression_PJL_chr21_9,introgression,introgression,4921
introgression_PEL_chr22_18,introgression,introgression,5368
introgression_control_013589,introgression,control,4831
introgression_control_000910,introgression,control,5193
introgression_control_014789,introgression,control,5876
introgression_control_018702,introgression,control,4496
introgression_control_018543,introgression,control,4459
introgression_control_024117,introgression,control,4817
introgression_control_018538,introgression,control,4619
introgression_control_024038,introgression,control,4573
introgression_control_013550,introgression,control,5386
introgression_control_004652,introgression,control,4749
introgression_control_013500,introgression,control,5600
introgression_control_009569,introgression,control,5435
introgression_control_014764,introgression,control,5587
introgression_control_020133,introgression,control,4770
introgression_control_017119,introgression,control,4884
introgression_control_016082,introgression,control,4701
introgression_control_002182,introgression,control,4510
introgression_control_006992,introgression,control,4880
introgression_control_005628,introgression,control,4553
introgression_control_014964,introgression,control,4667
introgression_control_017221,introgression,control,4645
introgression_control_020147,introgression,control,4515
introgression_control_006805,introgression,control,4607
introgression_control_000884,introgression,control,5547
introgression_control_017159,introgression,control,5043
introgression_control_016083,introgression,control,4837
introgression_control_015935,introgression,control,5107
introgression_control_012292,introgression,control,5372
introgression_control_002192,introgression,control,5398
introgression_control_006995,introgression,control,4815
introgression_control_020007,introgression,control,5248
introgression_control_005706,introgression,control,4854
introgression_control_002205,introgression,control,4903
introgression_control_009612,introgression,control,4865
introgression_control_025295,introgression,control,5060
introgression_control_013779,introgression,control,4781
introgression_control_013503,introgression,control,5414
introgression_control_003452,introgression,control,5200
introgression_control_019993,introgression,control,4964
introgression_control_014924,introgression,control,5361
introgression_control_025333,introgression,control,5094
introgression_control_013740,introgression,control,5210
introgression_control_009442,introgression,control,5566
introgression_control_020166,introgression,control,5224
introgression_control_003362,introgression,control,5237
introgression_control_008389,introgression,control,5332
introgression_control_009467,introgression,control,4626
introgression_control_005767,introgression,control,5439
introgression_control_013587,introgression,control,4868
introgression_control_014905,introgression,control,4291
introgression_control_003364,introgression,control,5083
introgression_control_025516,introgression,control,4951
introgression_control_002167,introgression,control,5103
introgression_control_020170,introgression,control,4869
introgression_control_000651,introgression,control,4128
introgression_control_006968,introgression,control,5094
introgression_control_012101,introgression,control,4326
introgression_control_017336,introgression,control,5356
introgression_control_012125,introgression,control,5094
introgression_control_010907,introgression,control,5447
introgression_control_000677,introgression,control,4078
introgression_control_009620,introgression,control,4730
introgression_control_015873,introgression,control,5468
introgression_control_017393,introgression,control,5362
introgression_control_000732,introgression,control,4707
introgression_control_002283,introgression,control,5254
introgression_control_006774,introgression,control,4540
introgression_control_025467,introgression,control,4557
introgression_control_003298,introgression,control,4573
introgression_control_014942,introgression,control,4845
introgression_control_002203,introgression,control,5185
introgression_control_008384,introgression,control,2468
introgression_control_005563,introgression,control,5158
introgression_control_024042,introgression,control,5639
introgression_control_021545,introgression,control,3982
introgression_control_018764,introgression,control,4961
introgression_control_015876,introgression,control,5009
introgression_control_021724,introgression,control,4481
introgression_control_010790,introgression,control,4537
introgression_control_020233,introgression,control,4896
introgression_control_014763,introgression,control,4511
introgression_control_010900,introgression,control,4207
introgression_control_005548,introgression,control,4504
introgression_control_010926,introgression,control,4400
introgression_control_006788,introgression,control,5400
introgression_control_016025,introgression,control,5213
introgression_control_025331,introgression,control,5428
introgression_control_014968,introgression,control,5668
introgression_control_013530,introgression,control,3770
introgression_control_009603,introgression,control,3648
introgression_control_022729,introgression,control,4974
introgression_control_017365,introgression,control,4902
introgression_control_008202,introgression,control,5487
introgression_control_008382,introgression,control,4357
introgression_control_010769,introgression,control,5470
introgression_control_007059,introgression,control,5035
introgression_control_012165,introgression,control,5079
introgression_control_013712,introgression,control,4711
introgression_control_025287,introgression,control,5086
introgression_control_025452,introgression,control,5075
introgression_control_011058,introgression,control,4593
introgression_control_016213,introgression,control,5002
introgression_control_003743,introgression,control,4616
introgression_control_011337,introgression,control,5594
introgression_control_020684,introgression,control,4213
introgression_control_015292,introgression,control,4244
introgression_control_012815,introgression,control,5599
introgression_control_011634,introgression,control,5429
introgression_control_007797,introgression,control,2836
introgression_control_002943,introgression,control,4848
introgression_control_022549,introgression,control,4560
introgression_control_013209,introgression,control,4725
introgression_control_018334,introgression,control,2975
introgression_control_008038,introgression,control,5313
introgression_control_012014,introgression,control,5740
introgression_control_025210,introgression,control,5257
introgression_control_000603,introgression,control,5589
introgression_control_010800,introgression,control,5664
introgression_control_006921,introgression,control,4866
introgression_control_002257,introgression,control,5094
introgression_control_001073,introgression,control,4488
introgression_control_017504,introgression,control,4425
introgression_control_017622,introgression,control,2676
introgression_control_024466,introgression,control,4914
introgression_control_004989,introgression,control,4475
introgression_control_008871,introgression,control,4704
introgression_control_012853,introgression,control,5111
introgression_control_010186,introgression,control,4571
introgression_control_002881,introgression,control,3948
introgression_control_014505,introgression,control,5465
introgression_control_013201,introgression,control,4878
introgression_control_015634,introgression,control,3956
introgression_control_013262,introgression,control,5368
introgression_control_022621,introgression,control,5328
introgression_control_013374,introgression,control,5405
introgression_control_022682,introgression,control,4391
introgression_control_003232,introgression,control,5264
introgression_control_018632,introgression,control,4097
introgression_control_009526,introgression,control,2628
introgression_control_000853,introgression,control,4974
introgression_control_011054,introgression,control,5075
introgression_control_024238,introgression,control,4830
introgression_control_012541,introgression,control,4726
introgression_control_001402,introgression,control,4329
introgression_control_001458,introgression,control,3518
introgression_control_001531,introgression,control,5162
introgression_control_003958,introgression,control,5012
introgression_control_000079,introgression,control,4948
introgression_control_010191,introgression,control,5025
introgression_control_005238,introgression,control,5203
introgression_control_001877,introgression,control,5306
introgression_control_007949,introgression,control,4124
introgression_control_001992,introgression,control,5252
introgression_control_009272,introgression,control,5564
introgression_control_002065,introgression,control,5259
introgression_control_018453,introgression,control,5075
introgression_control_002113,introgression,control,5379
introgression_control_000777,introgression,control,2746
introgression_control_015966,introgression,control,4277
introgression_control_003416,introgression,control,4815
introgression_control_021838,introgression,control,4912
introgression_control_009774,introgression,control,4749
introgression_control_015167,introgression,control,3803
introgression_control_017691,introgression,control,4188
introgression_control_024562,introgression,control,5503
introgression_control_007547,introgression,control,4360
introgression_control_003968,introgression,control,4955
introgression_control_020979,introgression,control,5396
introgression_control_015471,introgression,control,4651
introgression_control_014514,introgression,control,5390
introgression_control_005315,introgression,control,3998
introgression_control_021256,introgression,control,3083
introgression_control_006567,introgression,control,2581
introgression_control_021368,introgression,control,5292
introgression_control_013381,introgression,control,4753
introgression_control_019811,introgression,control,5045
introgression_control_000618,introgression,control,4727
introgression_control_009497,introgression,control,4862
introgression_control_002248,introgression,control,5879
introgression_control_012269,introgression,control,4943
introgression_control_009676,introgression,control,2649
introgression_control_004793,introgression,control,4796
introgression_control_025683,introgression,control,5329
introgression_control_008698,introgression,control,4855
introgression_control_006051,introgression,control,5083
introgression_control_006108,introgression,control,4815
introgression_control_005113,introgression,control,4899
introgression_control_006272,introgression,control,4713
introgression_control_019416,introgression,control,4097
introgression_control_014479,introgression,control,5272
introgression_control_016835,introgression,control,4240
introgression_control_013211,introgression,control,4898
introgression_control_019718,introgression,control,4671
introgression_control_008036,introgression,control,4776
introgression_control_023678,introgression,control,5075
introgression_control_000552,introgression,control,4836
introgression_control_014732,introgression,control,5303
introgression_control_005632,introgression,control,4365
introgression_control_022803,introgression,control,4345
introgression_control_008331,introgression,control,5571
introgression_control_011081,introgression,control,5423
introgression_control_015106,introgression,control,4164
introgression_control_015128,introgression,control,4643
introgression_control_011366,introgression,control,3378
introgression_control_015261,introgression,control,4617
introgression_control_023139,introgression,control,5300
introgression_control_002756,introgression,control,5452
introgression_control_015386,introgression,control,5583
introgression_control_021036,introgression,control,4864
introgression_control_014495,introgression,control,5395
introgression_control_015596,introgression,control,4545
introgression_control_016858,introgression,control,5137
introgression_control_000392,introgression,control,5468
introgression_control_018361,introgression,control,5727
introgression_control_012010,introgression,control,4896
introgression_control_002074,introgression,control,5027
introgression_control_021467,introgression,control,5284
introgression_control_022787,introgression,control,4114
introgression_control_000832,introgression,control,5083
introgression_control_025424,introgression,control,5445
introgression_control_017439,introgression,control,4700
introgression_control_021982,introgression,control,5251
introgression_control_024407,introgression,control,5366
introgression_control_008721,introgression,control,5229
introgression_control_017830,introgression,control,4938
introgression_control_007540,introgression,control,4783
introgression_control_007645,introgression,control,5143
introgression_control_011637,introgression,control,5640
introgression_control_018045,introgression,control,5102
introgression_control_006422,introgression,control,4559
introgression_control_000272,introgression,control,2625
introgression_control_010464,introgression,control,4799
introgression_control_015708,introgression,control,3705
introgression_control_021373,introgression,control,4722
introgression_control_013355,introgression,control,2650
introgression_control_019849,introgression,control,3813
introgression_control_021462,introgression,control,4326
introgression_control_021640,introgression,control,5516
introgression_control_014874,introgression,control,4711
introgression_control_010880,introgression,control,4974
introgression_control_001058,introgression,control,5241
introgression_control_024235,introgression,control,4836
introgression_control_011278,introgression,control,4669
introgression_control_012662,introgression,control,5116
introgression_control_015236,introgression,control,5199
introgression_control_014270,introgression,control,5572
introgression_control_017960,introgression,control,5119
introgression_control_010173,introgression,control,4533
introgression_control_006327,introgression,control,5348
introgression_control_018124,introgression,control,2500
introgression_control_013185,introgression,control,4379
introgression_control_004258,introgression,control,4525
introgression_control_021286,introgression,control,4887
introgression_control_021359,introgression,control,5295
introgression_control_021389,introgression,control,5241
introgression_control_008127,introgression,control,2636
introgression_control_013457,introgression,control,4978
introgression_control_022767,introgression,control,4869
introgression_control_017284,introgression,control,2987
introgression_control_018671,introgression,control,5394
introgression_control_017491,introgression,control,3871
introgression_control_008541,introgression,control,5087
introgression_control_008598,introgression,control,4303
introgression_control_004930,introgression,control,5135
introgression_control_014239,introgression,control,4686
introgression_control_012783,introgression,control,4941
introgression_control_001605,introgression,control,5511
introgression_control_023256,introgression,control,4666
introgression_control_009037,introgression,control,4070
introgression_control_007864,introgression,control,4940
introgression_control_007913,introgression,control,4580
introgression_control_023571,introgression,control,2661
introgression_control_004289,introgression,control,5205
introgression_control_016998,introgression,control,4405
introgression_control_009308,introgression,control,5110
introgression_control_003218,introgression,control,2686
introgression_control_000615,introgression,control,4859
introgression_control_009507,introgression,control,5314
introgression_control_000824,introgression,control,4317
introgression_control_021687,introgression,control,5255
introgression_control_017481,introgression,control,5392
introgression_control_007190,introgression,control,3962
introgression_control_011241,introgression,control,2518
introgression_control_017730,introgression,control,4044
introgression_control_004978,introgression,control,4474
introgression_control_025936,introgression,control,4433
introgression_control_008923,introgression,control,5453
introgression_control_006213,introgression,control,5271
introgression_control_007742,introgression,control,4953
introgression_control_019541,introgression,control,2542
introgression_control_021180,introgression,control,4821
introgression_control_000374,introgression,control,4727
introgression_control_003107,introgression,control,4857
introgression_control_013304,introgression,control,5443
introgression_control_023675,introgression,control,4730
introgression_control_018446,introgression,control,4310
introgression_control_018500,introgression,control,5732
introgression_control_010834,introgression,control,5044
introgression_control_014877,introgression,control,4559
introgression_control_018678,introgression,control,5664
